{
    "bicycle_dense.ply": {
        "MSE": 0.0,
        "RMSE": 0.0,
        "MAE": 0.0,
        "Chamfer Distance": 2.432942035005047,
        "Hausdorff Distance": 4.6448386657396,
        "Bounding Box Diagonal": 3.8078062307677456,
        "Hausdorff / BB Ratio": 1.2198201232532488,
        "SNR": Infinity,
        "Exact Matches": 6334,
        "Missing Points": 0,
        "Extra Points": 15314,
        "Completeness/Recall": 1.0,
        "Accuracy/Precision": 0.29259053954175906,
        "F1 Score": 0.4527196054606533
    },
    "bicycle_final.ply": {
        "MSE": 2.6720437488842694e-05,
        "RMSE": 0.005169181510533626,
        "MAE": 0.00034644576634853543,
        "Chamfer Distance": 0.004250516903137495,
        "Hausdorff Distance": 0.4778152120945047,
        "Bounding Box Diagonal": 3.8078062307677456,
        "Hausdorff / BB Ratio": 0.1254830690263789,
        "SNR": 47.42904732015074,
        "Exact Matches": 6299,
        "Missing Points": 35,
        "Extra Points": 663,
        "Completeness/Recall": 0.9944742658667509,
        "Accuracy/Precision": 0.9047687446136168,
        "F1 Score": 0.947503008423586
    },
    "bicycle_floorseg.ply": {
        "MSE": 2.6720437488842694e-05,
        "RMSE": 0.005169181510533626,
        "MAE": 0.00034644576634853543,
        "Chamfer Distance": 3.081105562584521,
        "Hausdorff Distance": 4.6448386657396,
        "Bounding Box Diagonal": 3.8078062307677456,
        "Hausdorff / BB Ratio": 1.2198201232532488,
        "SNR": 47.42904732015074,
        "Exact Matches": 6299,
        "Missing Points": 35,
        "Extra Points": 2492,
        "Completeness/Recall": 0.9944742658667509,
        "Accuracy/Precision": 0.7165282675463542,
        "F1 Score": 0.8329256198347108
    }
}